9,6083528,recv,1
1,6083528,recv,1
2,6083528,recv,1
3,6083528,recv,1
4,6083528,recv,1
5,6083528,recv,1
6,6083528,recv,1
7,6083528,recv,1
8,6083528,recv,1
9,6085624,recv,2
1,6085624,recv,2
2,6085624,recv,2
3,6085624,recv,2
4,6085624,recv,2
5,6085624,recv,2
9,6083528,recv,3
6,6085624,recv,2
7,6085624,recv,2
8,6085624,recv,2
5,6083528,recv,3
9,6085624,recv,4
1,6083528,recv,3
9,6083528,recv,5
2,6083528,recv,3
3,6083528,recv,3
4,6083528,recv,3
1,6085624,recv,4
9,6085624,recv,6
7,6083528,recv,3
8,6083528,recv,3
5,6085624,recv,4
7,6085624,recv,4
6,6083528,recv,3
8,6085624,recv,4
2,6085624,recv,4
3,6085624,recv,4
1,6083528,recv,5
1,6085624,recv,6
5,6083528,recv,5
7,6083528,recv,5
6,6085624,recv,4
5,6085624,recv,6
8,6083528,recv,5
2,6083528,recv,5
3,6083528,recv,5
8,6085624,recv,6
4,6085624,recv,4
7,6085624,recv,6
4,6083528,recv,5
6,6083528,recv,5
2,6085624,recv,6
3,6085624,recv,6
4,6085624,recv,6
6,6085624,recv,6
